tool,checker,rule
cppcheck_oss,AssignmentAddressToInteger,INT36-C
cppcheck_oss,AssignmentIntegerToAddress,INT36-C
cppcheck_oss,CastAddressToIntegerAtReturn,INT36-C
cppcheck_oss,CastIntegerToAddressAtReturn,INT36-C
cppcheck_oss,ConfigurationNotChecked,NONE
cppcheck_oss,IOWithoutPositioning,FIO39-C
cppcheck_oss,accessForwarded,EXP63-CPP
cppcheck_oss,allocaCalled,MSC24-C
cppcheck_oss,argumentSize,ARR30-C
cppcheck_oss,arithOperationsOnVoidPointer,MSC15-C
cppcheck_oss,arrayIndexOutOfBounds,ARR30-C
cppcheck_oss,arrayIndexOutOfBoundsCond,ARR30-C
cppcheck_oss,arrayIndexThenCheck,ARR30-C
cppcheck_oss,assertWithSideEffect,PRE31-C
cppcheck_oss,assignIfError,MSC07-C
cppcheck_oss,assignmentInAssert,PRE31-C
cppcheck_oss,autoVariables,DCL30-C
cppcheck_oss,autovarInvalidDeallocation,DCL30-C
cppcheck_oss,badBitmaskCheck,EXP46-C
cppcheck_oss,bufferAccessOutOfBounds,ARR30-C
cppcheck_oss,catchExceptionByValue,ERR61-CPP
cppcheck_oss,charArrayIndex,INT31-C
cppcheck_oss,charBitOp,INT31-C
cppcheck_oss,charLiteralWithCharPtrCompare,ARR36-C
cppcheck_oss,checkCastIntToCharAndBack,FIO34-C
cppcheck_oss,clarifyCalculation,NONE
cppcheck_oss,clarifyCondition,NONE
cppcheck_oss,clarifyStatement,MSC12-C
cppcheck_oss,commaSeparatedReturn,NONE
cppcheck_oss,compareBoolExpressionWithInt,EXP46-C
cppcheck_oss,comparePointers,ARR36-C
cppcheck_oss,comparisonError,MSC07-C
cppcheck_oss,comparisonFunctionIsAlwaysTrueOrFalse,MSC07-C
cppcheck_oss,constParameter,DCL00-C
cppcheck_oss,constStatement,DCL00-C
cppcheck_oss,constVariable,DCL00-C
cppcheck_oss,cstyleCast,NONE
cppcheck_oss,ctunullpointer,EXP34-C
cppcheck_oss,ctuuninitvar,EXP33-C
cppcheck_oss,doubleFree,MEM30-C
cppcheck_oss,duplInheritedMember,NONE
cppcheck_oss,duplicateBreak,MSC07-C
cppcheck_oss,duplicateCondition,MSC01-C
cppcheck_oss,duplicateExpression,MSC12-C
cppcheck_oss,duplicateValueTernary,MSC01-C
cppcheck_oss,fflushOnInputStream,MSC15-C
cppcheck_oss,identicalConditionAfterEarlyExit,NONE
cppcheck_oss,identicalInnerCondition,NONE
cppcheck_oss,incorrectLogicOperator,MSC12-C
cppcheck_oss,incorrectStringCompare,EXP37-C
cppcheck_oss,insecureCmdLineArgs,STR31-C
cppcheck_oss,integerOverflow,INT32-C
cppcheck_oss,integerOverflowCond,INT32-C
cppcheck_oss,internalAstError,NONE
cppcheck_oss,invalidLifetime,MEM50-CPP
cppcheck_oss,invalidPointerCast,EXP39-C
cppcheck_oss,invalidPrintfArgType_float,FIO47-C
cppcheck_oss,invalidPrintfArgType_int,FIO47-C
cppcheck_oss,invalidPrintfArgType_n,FIO47-C
cppcheck_oss,invalidPrintfArgType_p,FIO47-C
cppcheck_oss,invalidPrintfArgType_s,FIO47-C
cppcheck_oss,invalidPrintfArgType_sint,FIO47-C
cppcheck_oss,invalidPrintfArgType_uint,FIO47-C
cppcheck_oss,invalidScanfArgType_float,FIO47-C
cppcheck_oss,invalidScanfArgType_int,FIO47-C
cppcheck_oss,invalidScanfArgType_s,FIO47-C
cppcheck_oss,invalidscanf,FIO47-C
cppcheck_oss,knownConditionTrueFalse,MSC07-C
cppcheck_oss,legacyUninitvar,EXP33-C
cppcheck_oss,literalWithCharPtrCompare,NONE
cppcheck_oss,memleak,MEM31-C
cppcheck_oss,memleakOnRealloc,MEM31-C
cppcheck_oss,memsetClassFloat,FLP37-C
cppcheck_oss,memsetFloat,MSC14-C
cppcheck_oss,memsetValueOutOfRange,INT31-C
cppcheck_oss,memsetZeroBytes,MSC12-C
cppcheck_oss,mismatchSize,MEM35-C
cppcheck_oss,mismatchingBitAnd,MSC12-C
cppcheck_oss,missingInclude,NONE
cppcheck_oss,missingIncludeSystem,NONE
cppcheck_oss,missingOverride,NONE
cppcheck_oss,missingReturn,NONE
cppcheck_oss,moduloAlwaysTrueFalse,MSC12-C
cppcheck_oss,multiCondition,MSC07-C
cppcheck_oss,nanInArithmeticExpression,FLP04-C
cppcheck_oss,negativeIndex,ARR30-C
cppcheck_oss,negativeMemoryAllocationSize,INT30-C
cppcheck_oss,noConstructor,NONE
cppcheck_oss,noCopyConstructor,NONE
cppcheck_oss,noExplicitConstructor,DCL53-CPP
cppcheck_oss,noOperatorEq,OOP54-CPP
cppcheck_oss,noValidConfiguration,NONE
cppcheck_oss,nonreentrantFunctionscrypt,MSC24-C
cppcheck_oss,nonreentrantFunctionsctermid,MSC24-C
cppcheck_oss,nonreentrantFunctionsecvt,MSC24-C
cppcheck_oss,nonreentrantFunctionsfcvt,MSC24-C
cppcheck_oss,nonreentrantFunctionsfgetgrent,MSC24-C
cppcheck_oss,nonreentrantFunctionsfgetpwent,MSC24-C
cppcheck_oss,nonreentrantFunctionsfgetspent,MSC24-C
cppcheck_oss,nonreentrantFunctionsgcvt,MSC24-C
cppcheck_oss,nonreentrantFunctionsgetgrent,MSC24-C
cppcheck_oss,nonreentrantFunctionsgetgrgid,MSC24-C
cppcheck_oss,nonreentrantFunctionsgetgrnam,MSC24-C
cppcheck_oss,nonreentrantFunctionsgethostbyaddr,MSC24-C
cppcheck_oss,nonreentrantFunctionsgethostbyname,MSC24-C
cppcheck_oss,nonreentrantFunctionsgethostbyname2,MSC24-C
cppcheck_oss,nonreentrantFunctionsgethostent,MSC24-C
cppcheck_oss,nonreentrantFunctionsgetlogin,MSC24-C
cppcheck_oss,nonreentrantFunctionsgetnetbyaddr,MSC24-C
cppcheck_oss,nonreentrantFunctionsgetnetbyname,MSC24-C
cppcheck_oss,nonreentrantFunctionsgetnetgrent,MSC24-C
cppcheck_oss,nonreentrantFunctionsgetprotobyname,MSC24-C
cppcheck_oss,nonreentrantFunctionsgetpwent,MSC24-C
cppcheck_oss,nonreentrantFunctionsgetpwnam,MSC24-C
cppcheck_oss,nonreentrantFunctionsgetpwuid,MSC24-C
cppcheck_oss,nonreentrantFunctionsgetrpcbyname,MSC24-C
cppcheck_oss,nonreentrantFunctionsgetrpcbynumber,MSC24-C
cppcheck_oss,nonreentrantFunctionsgetrpcent,MSC24-C
cppcheck_oss,nonreentrantFunctionsgetservbyname,MSC24-C
cppcheck_oss,nonreentrantFunctionsgetservbyport,MSC24-C
cppcheck_oss,nonreentrantFunctionsgetservent,MSC24-C
cppcheck_oss,nonreentrantFunctionsgetspent,MSC24-C
cppcheck_oss,nonreentrantFunctionsgetspnam,MSC24-C
cppcheck_oss,nonreentrantFunctionsgmtime,MSC24-C
cppcheck_oss,nonreentrantFunctionslocaltime,MSC24-C
cppcheck_oss,nonreentrantFunctionsreaddir,MSC24-C
cppcheck_oss,nonreentrantFunctionsstrtok,MSC24-C
cppcheck_oss,nonreentrantFunctionstempnam,MSC24-C
cppcheck_oss,nonreentrantFunctionsttyname,MSC24-C
cppcheck_oss,nullPointer,EXP34-C
cppcheck_oss,nullPointerArithmetic,EXP34-C
cppcheck_oss,nullPointerArithmeticRedundantCheck,EXP34-C
cppcheck_oss,nullPointerDefaultArg,EXP34-C
cppcheck_oss,nullPointerRedundantCheck,EXP34-C
cppcheck_oss,objectIndex,ARR30-C
cppcheck_oss,obsoleteFunctionsasctime_r,MSC24-C
cppcheck_oss,obsoleteFunctionsbcmp,MSC24-C
cppcheck_oss,obsoleteFunctionsbcopy,MSC24-C
cppcheck_oss,obsoleteFunctionsbsd_signal,MSC24-C
cppcheck_oss,obsoleteFunctionsbzero,MSC24-C
cppcheck_oss,obsoleteFunctionsctime_r,MSC24-C
cppcheck_oss,obsoleteFunctionsecvt,MSC24-C
cppcheck_oss,obsoleteFunctionsfcvt,MSC24-C
cppcheck_oss,obsoleteFunctionsftime,MSC24-C
cppcheck_oss,obsoleteFunctionsgcvt,MSC24-C
cppcheck_oss,obsoleteFunctionsgetcontext,MSC24-C
cppcheck_oss,obsoleteFunctionsgethostbyaddr,MSC24-C
cppcheck_oss,obsoleteFunctionsgethostbyname,MSC24-C
cppcheck_oss,obsoleteFunctionsgetwd,MSC24-C
cppcheck_oss,obsoleteFunctionsindex,MSC24-C
cppcheck_oss,obsoleteFunctionsmakecontext,MSC24-C
cppcheck_oss,obsoleteFunctionspthread_attr_getstackaddr,MSC24-C
cppcheck_oss,obsoleteFunctionspthread_attr_setstackaddr,MSC24-C
cppcheck_oss,obsoleteFunctionsrand_r,MSC24-C
cppcheck_oss,obsoleteFunctionsrindex,MSC24-C
cppcheck_oss,obsoleteFunctionsscalbln,MSC24-C
cppcheck_oss,obsoleteFunctionsswapcontext,MSC24-C
cppcheck_oss,obsoleteFunctionstmpnam,MSC24-C
cppcheck_oss,obsoleteFunctionstmpnam_r,MSC24-C
cppcheck_oss,obsoleteFunctionsualarm,MSC24-C
cppcheck_oss,obsoleteFunctionsusleep,MSC24-C
cppcheck_oss,obsoleteFunctionsutime,MSC24-C
cppcheck_oss,obsoleteFunctionsvfork,MSC24-C
cppcheck_oss,obsoleteFunctionswcswcs,MSC24-C
cppcheck_oss,operatorEqVarError,OOP54-CPP
cppcheck_oss,oppositeInnerCondition,MSC07-C
cppcheck_oss,outOfBounds,ARR30-C
cppcheck_oss,passedByValue,NONE
cppcheck_oss,pointerLessThanZero,MSC12-C
cppcheck_oss,pointerOutOfBounds,ARR30-C
cppcheck_oss,pointerPositive,MSC12-C
cppcheck_oss,pointerSize,MEM35-C
cppcheck_oss,possibleBufferAccessOutOfBounds,ARR30-C
cppcheck_oss,postfixOperator,NONE
cppcheck_oss,preprocessorErrorDirective,NONE
cppcheck_oss,printfOverlappingData,MSC15-C
cppcheck_oss,readWriteOnlyFile,FIO06-C
cppcheck_oss,redundantAssignInSwitch,MSC17-C
cppcheck_oss,redundantAssignment,MSC13-C
cppcheck_oss,redundantCondition,MSC12-C
cppcheck_oss,redundantContinue,NONE
cppcheck_oss,redundantCopy,MSC13-C
cppcheck_oss,redundantCopyInSwitch,MSC17-C
cppcheck_oss,redundantInitialization,MSC12-C
cppcheck_oss,redundantPointerOp,NONE
cppcheck_oss,resourceLeak,FIO42-C
cppcheck_oss,returnAddressOfAutoVariable,DCL30-C
cppcheck_oss,returnAddressOfFunctionParameter,DCL30-C
cppcheck_oss,returnLocalVariable,DCL30-C
cppcheck_oss,returnReference,DCL30-C
cppcheck_oss,returnTempReference,DCL30-C
cppcheck_oss,seekOnAppendedFile,MSC12-C
cppcheck_oss,selfAssignment,MSC12-C
cppcheck_oss,shadowArgument,DCL01-C
cppcheck_oss,shadowFunction,DCL01-C
cppcheck_oss,shadowVariable,DCL01-C
cppcheck_oss,shiftNegative,INT34-C
cppcheck_oss,shiftTooManyBits,INT34-C
cppcheck_oss,shiftTooManyBitsSigned,INT34-C
cppcheck_oss,signConversion,INT31-C
cppcheck_oss,signConversionCond,INT31-C
cppcheck_oss,sizeofCalculation,EXP44-C
cppcheck_oss,sizeofDereferencedVoidPointer,EXP09-C
cppcheck_oss,sizeofVoid,EXP09-C
cppcheck_oss,sizeofsizeof,EXP09-C
cppcheck_oss,sizeofwithnumericparameter,EXP09-C
cppcheck_oss,sizeofwithsilentarraypointer,MEM35-C
cppcheck_oss,staticStringCompare,MSC12-C
cppcheck_oss,stlOutOfBounds,ARR30-C
cppcheck_oss,stlcstrParam,NONE
cppcheck_oss,stringCompare,MSC12-C
cppcheck_oss,switchCaseFallThrough,MSC17-C
cppcheck_oss,syntaxError,NONE
cppcheck_oss,templateRecursion,NONE
cppcheck_oss,thisSubtraction,ARR37-C
cppcheck_oss,toomanyconfigs,NONE
cppcheck_oss,udivError,INT31-C
cppcheck_oss,unassignedVariable,MSC12-C
cppcheck_oss,uninitMemberVar,EXP33-C
cppcheck_oss,uninitStructMember,EXP33-C
cppcheck_oss,uninitdata,EXP33-C
cppcheck_oss,uninitstring,STR03-C
cppcheck_oss,uninitvar,EXP33-C
cppcheck_oss,unknownMacro,NONE
cppcheck_oss,unnecessaryForwardDeclaration,MSC12-C
cppcheck_oss,unnecessaryQualification,MSC12-C
cppcheck_oss,unreachableCode,MSC07-C
cppcheck_oss,unreadVariable,MSC13-C
cppcheck_oss,unsignedLessThanZero,MSC12-C
cppcheck_oss,unsignedPositive,MSC12-C
cppcheck_oss,unusedAllocatedMemory,MSC13-C
cppcheck_oss,unusedFunction,MSC13-C
cppcheck_oss,unusedLabel,MSC12-C
cppcheck_oss,unusedLabelSwitch,MSC12-C
cppcheck_oss,unusedPrivateFunction,MSC07-C
cppcheck_oss,unusedScopedObject,MSC13-C
cppcheck_oss,unusedStructMember,MSC13-C
cppcheck_oss,unusedVariable,MSC13-C
cppcheck_oss,useClosedFile,FIO46-C
cppcheck_oss,useInitializationList,OOP53-CPP
cppcheck_oss,useStlAlgorithm,NONE
cppcheck_oss,uselessAssignmentArg,MSC12-C
cppcheck_oss,uselessAssignmentPtrArg,MSC12-C
cppcheck_oss,uselessCallsSubstr,NONE
cppcheck_oss,va_end_missing,DCL11-C
cppcheck_oss,varFuncNullUB,MSC15-C
cppcheck_oss,variableHidingEnum,NONE
cppcheck_oss,variableScope,DCL19-C
cppcheck_oss,virtualCallInConstructor,OOP50-CPP
cppcheck_oss,writeOutsideBufferSize,ARR30-C
cppcheck_oss,writeReadOnlyFile,FIO06-C
cppcheck_oss,wrongPipeParameterSize,EXP37-C
cppcheck_oss,wrongPrintfScanfArgNum,FIO47-C
cppcheck_oss,wrongPrintfScanfParameterPositionError,FIO47-C
cppcheck_oss,wrongmathcall,FLP32-C
cppcheck_oss,zerodiv,INT33-C
cppcheck_oss,zerodivcond,INT33-C
rosecheckers_oss,ARR01-C,MEM35-C
rosecheckers_oss,ARR02-C,ARR02-C
rosecheckers_oss,ARR30-C,ARR30-C
rosecheckers_oss,ARR33-C,MEM35-C
rosecheckers_oss,ARR34-C,EXP39-C
rosecheckers_oss,ARR37-C,ARR37-C
rosecheckers_oss,ARR38-C,ARR38-C
rosecheckers_oss,CHREOF-C,FIO34-C
rosecheckers_oss,DCL00-C,DCL00-C
rosecheckers_oss,DCL01-C,DCL01-C
rosecheckers_oss,DCL02-C,DCL02-C
rosecheckers_oss,DCL04-C,DCL04-C
rosecheckers_oss,DCL05-C,DCL05-C
rosecheckers_oss,DCL10-CPP,NONE
rosecheckers_oss,DCL13-C,DCL13-C
rosecheckers_oss,DCL38-C,DCL38-C
rosecheckers_oss,ENV00-C,ENV00-C
rosecheckers_oss,ENV02-C,ENV02-C
rosecheckers_oss,ENV04-C,ENV33-C
rosecheckers_oss,ENV30-C,ENV30-C
rosecheckers_oss,ENV31-C,ENV31-C
rosecheckers_oss,ENV32-C,ENV32-C
rosecheckers_oss,ERR06-C,ERR06-C
rosecheckers_oss,ERR07-C,DCL37-C
rosecheckers_oss,ERR08-CPP,ERR60-CPP
rosecheckers_oss,ERR31-C,ERR31-C
rosecheckers_oss,ERR33-C,ERR33-C
rosecheckers_oss,EXP01-C,MEM35-C
rosecheckers_oss,EXP04-C,EXP42-C
rosecheckers_oss,EXP05-C,EXP05-C
rosecheckers_oss,EXP06-C,EXP44-C
rosecheckers_oss,EXP08-C,EXP08-C
rosecheckers_oss,EXP09-C,EXP09-C
rosecheckers_oss,EXP11-C,EXP39-C
rosecheckers_oss,EXP12-C,EXP12-C
rosecheckers_oss,EXP15-C,EXP15-C
rosecheckers_oss,EXP17-CPP,OOP54-CPP
rosecheckers_oss,EXP30-C,EXP30-C
rosecheckers_oss,EXP32-C,EXP32-C
rosecheckers_oss,EXP34-C,EXP34-C
rosecheckers_oss,EXP36-C,EXP36-C
rosecheckers_oss,EXP37-C,EXP37-C
rosecheckers_oss,FIO01-C,FIO01-C
rosecheckers_oss,FIO07-C,ERR07-C
rosecheckers_oss,FIO08-C,FIO08-C
rosecheckers_oss,FIO11-C,FIO11-C
rosecheckers_oss,FIO12-C,ERR07-C
rosecheckers_oss,FIO13-C,FIO13-C
rosecheckers_oss,FIO30-C,FIO30-C
rosecheckers_oss,FIO34-C,FIO34-C
rosecheckers_oss,FIO38-C,FIO38-C
rosecheckers_oss,FIO39-C,FIO39-C
rosecheckers_oss,FIO42-C,FIO42-C
rosecheckers_oss,FIO43-C,FIO43-C
rosecheckers_oss,FIO44-C,FIO44-C
rosecheckers_oss,FLP02-C,FLP02-C
rosecheckers_oss,FLP03-C,FLP03-C
rosecheckers_oss,FLP30-C,FLP30-C
rosecheckers_oss,FLP31-C,EXP37-C
rosecheckers_oss,FLP33-C,FLP06-C
rosecheckers_oss,FLP34-C,FLP34-C
rosecheckers_oss,INT01-C,INT01-C
rosecheckers_oss,INT05-C,ERR34-C
rosecheckers_oss,INT06-C,ERR34-C
rosecheckers_oss,INT07-C,INT07-C
rosecheckers_oss,INT09-C,INT09-C
rosecheckers_oss,INT11-C,INT36-C
rosecheckers_oss,INT12-C,INT12-C
rosecheckers_oss,INT13-C,INT13-C
rosecheckers_oss,INT14-C,INT14-C
rosecheckers_oss,INT32-C,INT32-C
rosecheckers_oss,INT33-C,INT33-C
rosecheckers_oss,INT34-C,INT34-C
rosecheckers_oss,INT36-C,INT36-C
rosecheckers_oss,MEM01-C,MEM01-C
rosecheckers_oss,MEM02-C,MEM02-C
rosecheckers_oss,MEM04-C,MEM04-C
rosecheckers_oss,MEM07-C,MEM07-C
rosecheckers_oss,MEM08-C,EXP39-C
rosecheckers_oss,MEM30-C,MEM30-C
rosecheckers_oss,MEM31-C,MEM31-C
rosecheckers_oss,MEM34-C,MEM34-C
rosecheckers_oss,MEM35-C,MEM35-C
rosecheckers_oss,MEM41-CPP,OOP54-CPP
rosecheckers_oss,MSC01-C,MSC01-C
rosecheckers_oss,MSC03-C,MSC12-C
rosecheckers_oss,MSC05-C,MSC05-C
rosecheckers_oss,MSC12-C,MSC12-C
rosecheckers_oss,MSC13-C,MSC13-C
rosecheckers_oss,MSC30-C,MSC30-C
rosecheckers_oss,MSC31-C,INT31-C
rosecheckers_oss,OBJ00-CPP,NONE
rosecheckers_oss,OBJ32-CPP,NONE
rosecheckers_oss,POS30-C,POS30-C
rosecheckers_oss,POS33-C,POS33-C
rosecheckers_oss,POS34-C,POS34-C
rosecheckers_oss,POS35-C,POS35-C
rosecheckers_oss,POS36-C,POS36-C
rosecheckers_oss,SIG00-C,SIG00-C
rosecheckers_oss,SIG30-C,SIG30-C
rosecheckers_oss,SIG31-C,SIG31-C
rosecheckers_oss,SIG32-C,SIG30-C
rosecheckers_oss,SIG33-C,SIG30-C
rosecheckers_oss,SIG34-C,SIG34-C
rosecheckers_oss,STR04-C,STR04-C
rosecheckers_oss,STR05-C,STR05-C
rosecheckers_oss,STR06-C,STR06-C
rosecheckers_oss,STR11-C,STR11-C
rosecheckers_oss,STR30-C,STR30-C
rosecheckers_oss,STR31-C,STR31-C
rosecheckers_oss,STR32-C,STR32-C
rosecheckers_oss,STR35-C,STR31-C
rosecheckers_oss,STR36-C,STR11-C
rosecheckers_oss,STR37-C,STR37-C
clang-scan-build_oss,core.CallAndMessage,EXP33-C
clang-scan-build_oss,core.DivideZero,INT33-C
clang-scan-build_oss,core.NonNullParamCheckercore.NonNullParamChecker,EXP34-C
clang-scan-build_oss,core.NullDereference,EXP34-C
clang-scan-build_oss,core.StackAddressEscape,DCL30-C
clang-scan-build_oss,core.UndefinedBinaryOperatorResult,EXP33-C
clang-scan-build_oss,core.VLASize,ARR32-C
clang-scan-build_oss,core.uninitialized.ArraySubscript,EXP33-C
clang-scan-build_oss,core.uninitialized.Assign,EXP33-C
clang-scan-build_oss,core.uninitialized.Branch,EXP33-C
clang-scan-build_oss,core.uninitialized.UndefReturn,EXP33-C
clang-scan-build_oss,deadcode.DeadStores,MSC13-C
clang-scan-build_oss,security.insecureAPI.vfork,POS33-C
clang-scan-build_oss,unix.Malloc,MEM31-C
clang-scan-build_oss,unix.MallocSizeof,ARR01-C
clang-scan-build_oss,unix.Vfork,POS33-C
clang-scan-build_oss,unix.cstring.BadSizeArg,STR31-C
clang-scan-build_oss,unix.cstring.NullArg,EXP34-C
clang_tidy_oss,"[nodiscard]] [modernize-use-nodiscard",NONE
clang_tidy_oss,"bugprone-narrowing-conversions",INT31-C
clang_tidy_oss,"bugprone-narrowing-conversions,cppcoreguidelines-narrowing-conversions",INT31-C
clang_tidy_oss,"bugprone-reserved-identifier",DCL37-C
clang_tidy_oss,"bugprone-signed-char-misuse,cert-str34-c",STR32-C
clang_tidy_oss,"bugprone-suspicious-memory-comparison",EXP42-C
clang_tidy_oss,"bugprone-suspicious-memory-comparison,cert-exp42-c,cert-flp37-c",EXP42-C
clang_tidy_oss,"bugprone-unhandled-self-assignment,cert-oop54-cpp",OOP54-CPP
clang_tidy_oss,"cert-dcl03-c,hicpp-static-assert,misc-static-assert",DCL03-C
clang_tidy_oss,"cert-dcl03-c",DCL03-C
clang_tidy_oss,"cert-dcl16-c,hicpp-uppercase-literal-suffix,readability-uppercase-literal-suffix",DCL16-C
clang_tidy_oss,"cert-dcl37-c",DCL37-C
clang_tidy_oss,"cert-dcl51-cpp",DCL37-C
clang_tidy_oss,"cert-exp42-c",EXP42-C
clang_tidy_oss,"cert-fio38-c",FIO38-C
clang_tidy_oss,"cert-flp37-c",FLP37-C
clang_tidy_oss,"cert-msc30-c",MSC30-C
clang_tidy_oss,"cert-msc30-c,cert-msc50-cpp",MSC30-C
clang_tidy_oss,"cert-msc50-cpp",MSC50-CPP
clang_tidy_oss,"cert-str34-c",STR34-C
clang_tidy_oss,"cppcoreguidelines-avoid-c-arrays,hicpp-avoid-c-arrays,modernize-avoid-c-arrays",NONE
clang_tidy_oss,"cppcoreguidelines-avoid-goto,hicpp-avoid-goto",NONE
clang_tidy_oss,"cppcoreguidelines-avoid-magic-numbers,readability-magic-numbers",DCL06-C
clang_tidy_oss,"cppcoreguidelines-c-copy-assignment-signature,misc-unconventional-assign-operator",NONE
clang_tidy_oss,"cppcoreguidelines-explicit-virtual-functions,hicpp-use-override,modernize-use-override",NONE
clang_tidy_oss,"cppcoreguidelines-no-malloc,hicpp-no-malloc",NONE
clang_tidy_oss,"cppcoreguidelines-non-private-member-variables-in-classes,misc-non-private-member-variables-in-classes",NONE
clang_tidy_oss,"cppcoreguidelines-pro-bounds-array-to-pointer-decay,hicpp-no-array-decay",NONE
clang_tidy_oss,"cppcoreguidelines-pro-type-member-init,hicpp-member-init",OOP53-CPP
clang_tidy_oss,"cppcoreguidelines-pro-type-vararg,hicpp-vararg",DCL50-CPP
clang_tidy_oss,"cppcoreguidelines-special-member-functions,hicpp-special-member-functions",OOP52-CPP
clang_tidy_oss,"google-explicit-constructor,hicpp-explicit-conversions",DCL53-CPP
clang_tidy_oss,"google-readability-braces-around-statements,hicpp-braces-around-statements,readability-braces-around-statements",EXP19-C
clang_tidy_oss,"google-readability-function-size,hicpp-function-size,readability-function-size",NONE
clang_tidy_oss,"google-readability-namespace-comments,llvm-namespace-comment",NONE
clang_tidy_oss,"hicpp-braces-around-statements,readability-braces-around-statements",EXP19-C
clang_tidy_oss,"hicpp-deprecated-headers,modernize-deprecated-headers",NONE
clang_tidy_oss,"hicpp-move-const-arg,performance-move-const-arg",NONE
clang_tidy_oss,"hicpp-named-parameter,readability-named-parameter",NONE
clang_tidy_oss,"hicpp-noexcept-move,performance-noexcept-move-constructor",NONE
clang_tidy_oss,"hicpp-uppercase-literal-suffix,readability-uppercase-literal-suffix",DCL16-C
clang_tidy_oss,"hicpp-use-auto,modernize-use-auto",NONE
clang_tidy_oss,"hicpp-use-emplace,modernize-use-emplace",NONE
clang_tidy_oss,"hicpp-use-equals-default,modernize-use-equals-default",NONE
clang_tidy_oss,"hicpp-use-equals-delete,modernize-use-equals-delete",NONE
clang_tidy_oss,"hicpp-use-nullptr,modernize-use-nullptr",NONE
clang_tidy_oss,"llvm-else-after-return,readability-else-after-return",NONE
clang_tidy_oss,"llvm-qualified-auto,readability-qualified-auto",NONE
clang_tidy_oss,altera-id-dependent-backward-branch,NONE
clang_tidy_oss,altera-struct-pack-align,NONE
clang_tidy_oss,altera-unroll-loops,NONE
clang_tidy_oss,android-cloexec-accept,NONE
clang_tidy_oss,android-cloexec-dup,NONE
clang_tidy_oss,android-cloexec-fopen,NONE
clang_tidy_oss,android-cloexec-inotify-init,NONE
clang_tidy_oss,android-cloexec-open,FIO42-C
clang_tidy_oss,android-cloexec-pipe,NONE
clang_tidy_oss,bugprone-assignment-in-if-condition,EXP45-C
clang_tidy_oss,bugprone-branch-clone,NONE
clang_tidy_oss,bugprone-easily-swappable-parameters,NONE
clang_tidy_oss,bugprone-exception-escape,DCL57-CPP
clang_tidy_oss,bugprone-implicit-widening-of-multiplication-result,INT18-C
clang_tidy_oss,bugprone-macro-parentheses,PRE01-C
clang_tidy_oss,bugprone-misplaced-widening-cast,INT18-C
clang_tidy_oss,bugprone-not-null-terminated-result,STR32-C
clang_tidy_oss,bugprone-parent-virtual-call,NONE
clang_tidy_oss,bugprone-posix-return,NONE
clang_tidy_oss,bugprone-reserved-identifier,DCL37-C
clang_tidy_oss,bugprone-signed-char-misuse,INT31-C
clang_tidy_oss,bugprone-sizeof-expression,ARR001-C
clang_tidy_oss,bugprone-suspicious-missing-comma,NONE
clang_tidy_oss,bugprone-suspicious-semicolon,EXP15-C
clang_tidy_oss,bugprone-suspicious-string-compare,NONE
clang_tidy_oss,clang-analyzer-unix.Malloc,MEM31-C
clang_tidy_oss,cert-dcl37-c,DCL37-C
clang_tidy_oss,cert-dcl51-cpp,DCL51-CPP
clang_tidy_oss,cert-dcl58-cpp,DCL58-CPP
clang_tidy_oss,cert-err33-c,ERR33-C
clang_tidy_oss,cert-err34-c,ERR34-C
clang_tidy_oss,cert-err58-cpp,ERR58-CPP
clang_tidy_oss,"cert-fio38-c,misc-non-copyable-objects",FIO38-C
clang_tidy_oss,cert-oop54-cpp,OOP54-CPP
clang_tidy_oss,clang-analyzer-core.CallAndMessage,NONE
clang_tidy_oss,clang-analyzer-core.NonNullParamChecker,EXP34-C
clang_tidy_oss,clang-analyzer-core.NullDereference,EXP34-C
clang_tidy_oss,clang-analyzer-core.UndefinedBinaryOperatorResult,EXP33-C
clang_tidy_oss,clang-analyzer-core.uninitialized.Assign,EXP33-C
clang_tidy_oss,clang-analyzer-core.uninitialized.Branch,EXP33-C
clang_tidy_oss,clang-analyzer-core.uninitialized.UndefReturn,EXP33-C
clang_tidy_oss,clang-analyzer-cplusplus.NewDeleteLeaks,MEM31-C
clang_tidy_oss,clang-analyzer-cplusplus.PlacementNew,MEM35-C
clang_tidy_oss,clang-analyzer-deadcode.DeadStores,MSC13-C
clang_tidy_oss,clang-analyzer-optin.cplusplus.VirtualCall,OOP50-CPP
clang_tidy_oss,clang-analyzer-optin.performance.Padding,NONE
clang_tidy_oss,clang-analyzer-optin.portability.UnixAPI,NONE
clang_tidy_oss,clang-analyzer-security.insecureAPI.DeprecatedOrUnsafeBufferHandling,MSC24-C
clang_tidy_oss,clang-analyzer-security.insecureAPI.UncheckedReturn,EXP12-C
clang_tidy_oss,clang-analyzer-security.insecureAPI.strcpy,STR07-C
clang_tidy_oss,clang-analyzer-unix.MallocSizeof,MEM35-C
clang_tidy_oss,clang-analyzer-valist.Uninitialized,EXP33-C
clang_tidy_oss,clang-diagnostic-assign-enum,INT50-CPP
clang_tidy_oss,clang-diagnostic-bitfield-enum-conversion,INT50-CPP
clang_tidy_oss,clang-diagnostic-cast-align,EXP36-C
clang_tidy_oss,clang-diagnostic-cast-qual,EXP05-C
clang_tidy_oss,clang-diagnostic-comma,NONE
clang_tidy_oss,clang-diagnostic-conditional-uninitialized,EXP33-C
clang_tidy_oss,clang-diagnostic-covered-switch-default,NONE
clang_tidy_oss,clang-diagnostic-deprecated-non-prototype,EXP37-C
clang_tidy_oss,clang-diagnostic-disabled-macro-expansion,NONE
clang_tidy_oss,clang-diagnostic-documentation-unknown-command,NONE
clang_tidy_oss,clang-diagnostic-double-promotion,NONE
clang_tidy_oss,clang-diagnostic-error,NONE
clang_tidy_oss,clang-diagnostic-extra-semi-stmt,NONE
clang_tidy_oss,clang-diagnostic-float-conversion,FLP34-C
clang_tidy_oss,clang-diagnostic-format-nonliteral,FIO30-C
clang_tidy_oss,clang-diagnostic-implicit-fallthrough,MSC17-C
clang_tidy_oss,clang-diagnostic-implicit-int-conversion,INT31-C
clang_tidy_oss,clang-diagnostic-implicit-int-float-conversion,FLP34-C
clang_tidy_oss,clang-diagnostic-missing-field-initializers,EXP33-C
clang_tidy_oss,clang-diagnostic-missing-prototypes,DCL31-C
clang_tidy_oss,clang-diagnostic-missing-noreturn,MSC23-C
clang_tidy_oss,clang-diagnostic-padded,NONE
clang_tidy_oss,clang-diagnostic-reserved-identifier,DCL37-C
clang_tidy_oss,clang-diagnostic-reserved-macro-identifier,DCL37-C
clang_tidy_oss,clang-diagnostic-shadow,DCL01-C
clang_tidy_oss,clang-diagnostic-shorten-64-to-32,INT31-C
clang_tidy_oss,clang-diagnostic-sign-compare,INT31-C
clang_tidy_oss,clang-diagnostic-sign-conversion,INT31-C
clang_tidy_oss,clang-diagnostic-string-conversion,NONE
clang_tidy_oss,clang-diagnostic-switch-enum,MSC01-C
clang_tidy_oss,clang-diagnostic-tautological-unsigned-enum-zero-compare,MSC13-C
clang_tidy_oss,clang-diagnostic-undef,NONE
clang_tidy_oss,clang-diagnostic-unreachable-code-break,MSC12-C
clang_tidy_oss,clang-diagnostic-unreachable-code-return,MSC12-C
clang_tidy_oss,clang-diagnostic-unused-macros,MSC13-C
clang_tidy_oss,clang-diagnostic-unused-parameter,MSC13-C
clang_tidy_oss,clang-diagnostic-used-but-marked-unused,MSC13-C
clang_tidy_oss,concurrency-mt-unsafe,CON33-C
clang_tidy_oss,cppcoreguidelines-avoid-magic-numbers,DCL06-C
clang_tidy_oss,cppcoreguidelines-avoid-non-const-global-variables,NONE
clang_tidy_oss,cppcoreguidelines-init-variables,EXP33-C
clang_tidy_oss,cppcoreguidelines-interfaces-global-init,DCL56-CPP
clang_tidy_oss,cppcoreguidelines-macro-usage,NONE
clang_tidy_oss,cppcoreguidelines-owning-memory,NONE
clang_tidy_oss,cppcoreguidelines-prefer-member-initializer,OOP53-CPP
clang_tidy_oss,cppcoreguidelines-pro-bounds-constant-array-index,ARR30-C
clang_tidy_oss,cppcoreguidelines-pro-bounds-pointer-arithmetic,ARR30-C
clang_tidy_oss,cppcoreguidelines-pro-type-const-cast,EXP05-C
clang_tidy_oss,cppcoreguidelines-pro-type-cstyle-cast,NONE
clang_tidy_oss,cppcoreguidelines-pro-type-reinterpret-cast,NONE
clang_tidy_oss,cppcoreguidelines-pro-type-static-cast-downcast,NONE
clang_tidy_oss,cppcoreguidelines-pro-type-union-access,NONE
clang_tidy_oss,fuchsia-default-arguments-calls,NONE
clang_tidy_oss,fuchsia-default-arguments-declarations,NONE
clang_tidy_oss,fuchsia-multiple-inheritance,NONE
clang_tidy_oss,fuchsia-overloaded-operator,NONE
clang_tidy_oss,fuchsia-statically-constructed-objects,NONE
clang_tidy_oss,fuchsia-trailing-return,NONE
clang_tidy_oss,google-build-using-namespace,NONE
clang_tidy_oss,google-default-arguments,NONE
clang_tidy_oss,google-readability-braces-around-statements,EXP19-C
clang_tidy_oss,google-readability-casting,NONE
clang_tidy_oss,google-readability-function-size,NONE
clang_tidy_oss,google-readability-todo,NONE
clang_tidy_oss,google-runtime-int,NONE
clang_tidy_oss,google-runtime-operator,NONE
clang_tidy_oss,hicpp-multiway-paths-covered,MSC01-C
clang_tidy_oss,hicpp-named-parameter,NONE
clang_tidy_oss,hicpp-signed-bitwise,INT13-C
clang_tidy_oss,llvm-else-after-return,NONE
clang_tidy_oss,llvm-include-order,NONE
clang_tidy_oss,llvm-namespace-comment,NONE
clang_tidy_oss,llvmlibc-callee-namespace,NONE
clang_tidy_oss,llvmlibc-implementation-in-namespace,NONE
clang_tidy_oss,llvmlibc-restrict-system-libc-headers,NONE
clang_tidy_oss,misc-confusable-identifiers,DCL02-C
clang_tidy_oss,misc-const-correctness,DCL00-C
clang_tidy_oss,misc-no-recursion,NONE
clang_tidy_oss,misc-non-copyable-objects,FIO38-C
clang_tidy_oss,misc-non-private-member-variables-in-classes,NONE
clang_tidy_oss,misc-static-assert,DCL03-C
clang_tidy_oss,misc-redundant-expression,NONE
clang_tidy_oss,misc-unused-alias-decls,NONE
clang_tidy_oss,misc-unused-parameters,MSC13-C
clang_tidy_oss,misc-unused-using-decls,NONE
clang_tidy_oss,modernize-macro-to-enum,DCL06-C
clang_tidy_oss,modernize-make-unique,NONE
clang_tidy_oss,modernize-pass-by-value,NONE
clang_tidy_oss,modernize-raw-string-literal,NONE
clang_tidy_oss,modernize-redundant-void-arg,NONE
clang_tidy_oss,modernize-return-braced-init-list,NONE
clang_tidy_oss,modernize-use-default-member-init,OOP53-CPP
clang_tidy_oss,modernize-use-nullptr,NONE
clang_tidy_oss,modernize-use-trailing-return-type,NONE
clang_tidy_oss,modernize-use-using,NONE
clang_tidy_oss,performance-for-range-copy,NONE
clang_tidy_oss,performance-no-int-to-ptr,INT36-C
clang_tidy_oss,performance-unnecessary-copy-initialization,NONE
clang_tidy_oss,performance-unnecessary-value-param,NONE
clang_tidy_oss,readability-avoid-const-params-in-decls,NONE
clang_tidy_oss,readability-braces-around-statements,EXP19-C
clang_tidy_oss,readability-container-size-empty,NONE
clang_tidy_oss,readability-convert-member-functions-to-static,NONE
clang_tidy_oss,readability-duplicate-include,NONE
clang_tidy_oss,readability-else-after-return,NONE
clang_tidy_oss,readability-function-cognitive-complexity,NONE
clang_tidy_oss,readability-function-size,NONE
clang_tidy_oss,readability-identifier-length,NONE
clang_tidy_oss,readability-implicit-bool-conversion,NONE
clang_tidy_oss,readability-inconsistent-declaration-parameter-name,NONE
clang_tidy_oss,readability-isolate-declaration,DCL04-C
clang_tidy_oss,readability-magic-numbers,DCL06-C
clang_tidy_oss,readability-make-member-function-const,DCL00-C
clang_tidy_oss,readability-misleading-indentation,NONE
clang_tidy_oss,readability-named-parameter,NONE
clang_tidy_oss,readability-non-const-parameter,DCL00-C
clang_tidy_oss,readability-qualified-auto,NONE
clang_tidy_oss,readability-redundant-control-flow,NONE
clang_tidy_oss,readability-redundant-declaration,NONE
clang_tidy_oss,readability-redundant-member-init,OOP53-CPP
clang_tidy_oss,readability-redundant-smartptr-get,NONE
clang_tidy_oss,readability-simplify-boolean-expr,NONE
clang_tidy_oss,readability-static-accessed-through-instance,NONE
clang_tidy_oss,readability-static-definition-in-anonymous-namespace,NONE
clang_tidy_oss,readability-suspicious-call-argument,NONE
clang_tidy_oss,readability-uppercase-literal-suffix,DCL16-C
clang_tidy_oss,readability-use-anyofallof,NONE
